"species","bottle","filtered","unfiltered"
"Chlamydomonas","b_01",16745.406824147,14476.4397905759
"Chlamydomonas","b_02",158437.5,153437.5
"Chlamydomonas","b_03",7827.22513089005,8120.1044386423
"Chlamydomonas","b_04",9005.23560209424,10157.0680628272
"Chlamydomonas","b_05",34036.9393139842,32519.6850393701
"Chlamydomonas","b_06",10235.6020942408,10209.4240837696
"Chlamydomonas","b_07",37365.5913978495,37941.1764705882
"Chlamydomonas","b_08",42842.3772609819,34484.5360824742
"Chlamydomonas","b_09",140496.083550914,142473.958333333
"Chlamydomonas","b_10",13134.7150259067,15880.829015544
"Chlamydomonas","b_11",15210.5263157895,14778.0678851175
"Chlamydomonas","b_12",13324.6073298429,12467.1916010499
"Chlamydomonas","b_13",40215.0537634409,39946.3806970509
"Chlamydomonas","b_14",7527.17391304348,8049.45054945055
"Chlamydomonas","b_15",10890.0523560209,10078.5340314136
"Chlamydomonas","b_16",13983.9572192513,13181.8181818182
"Chlamydomonas","b_17",12362.2047244094,11811.0236220472
"Chlamydomonas","b_18",612624.67191601,583438.320209974
"Chlamydomonas","b_19",23298.4293193717,23524.8041775457
"Chlamydomonas","b_20",15582.0105820106,16464.3799472296
"Chlamydomonas","b_21",15492.2279792746,16314.4329896907
"Chlamydomonas","b_22",538845.144356955,523149.606299213
"Chlamydomonas","b_23",653760,610789.473684211
"Chlamydomonas","b_24",32958.1151832461,34815.7894736842
"Chlamydomonas","b_25",14772.1179624665,13015.873015873
"Chlamydomonas","b_26",10080.8625336927,10080
"Chlamydomonas","b_27",593963.254593176,545065.963060686
"Chlamydomonas","b_28",20826.6666666667,21492.1465968586
"Chlamydomonas","b_29",26579.634464752,26901.0416666667
"Chlamydomonas","b_30",66925.0645994832,42868.2170542636
"ChlamydomonasClumps","b_01",3543.30708661417,3664.92146596859
"ChlamydomonasClumps","b_02",7682.29166666667,8645.83333333333
"ChlamydomonasClumps","b_03",4528.79581151832,4543.08093994778
"ChlamydomonasClumps","b_04",6151.83246073299,5523.56020942408
"ChlamydomonasClumps","b_05",2242.74406332454,1916.01049868766
"ChlamydomonasClumps","b_06",5052.35602094241,3272.25130890052
"ChlamydomonasClumps","b_07",4086.02150537634,3582.88770053476
"ChlamydomonasClumps","b_08",878.552971576227,1005.15463917526
"ChlamydomonasClumps","b_09",8590.07832898172,9505.20833333333
"ChlamydomonasClumps","b_10",13186.5284974093,10673.5751295337
"ChlamydomonasClumps","b_11",4578.94736842105,3420.36553524804
"ChlamydomonasClumps","b_12",5157.06806282723,3753.28083989501
"ChlamydomonasClumps","b_13",4274.1935483871,3458.44504021448
"ChlamydomonasClumps","b_14",1440.21739130435,604.395604395604
"ChlamydomonasClumps","b_15",5497.38219895288,4659.68586387435
"ChlamydomonasClumps","b_16",4117.64705882353,3716.57754010695
"ChlamydomonasClumps","b_17",5170.60367454068,4225.7217847769
"ChlamydomonasClumps","b_18",26.246719160105,NA
"ChlamydomonasClumps","b_19",1230.3664921466,1227.15404699739
"ChlamydomonasClumps","b_20",978.835978835979,870.712401055409
"ChlamydomonasClumps","b_21",12150.2590673575,10592.7835051546
"ChlamydomonasClumps","b_22",52.49343832021,NA
"ChlamydomonasClumps","b_23",80,78.9473684210526
"ChlamydomonasClumps","b_24",2722.51308900524,2657.89473684211
"ChlamydomonasClumps","b_25",1823.0563002681,1322.75132275132
"ChlamydomonasClumps","b_26",5983.82749326145,5306.66666666667
"ChlamydomonasClumps","b_28",960,732.984293193717
"ChlamydomonasClumps","b_29",1723.23759791123,1770.83333333333
"ChlamydomonasClumps","b_30",310.077519379845,801.033591731266
"Cosmarium","b_01",157.48031496063,209.424083769634
"Cosmarium","b_03",104.712041884817,104.43864229765
"Cosmarium","b_05",263.852242744063,104.98687664042
"Cosmarium","b_06",78.5340314136126,104.712041884817
"Cosmarium","b_11",52.6315789473684,78.3289817232376
"Cosmarium","b_18",131.233595800525,341.207349081365
"Cosmarium","b_19",261.780104712042,52.2193211488251
"Cosmarium","b_22",1128.60892388451,787.40157480315
"Cosmarium","b_23",320,368.421052631579
"Cosmarium","b_24",104.712041884817,26.3157894736842
"Cosmarium","b_27",997.375328083989,501.31926121372
"Cosmarium","b_29",78.3289817232376,182.291666666667
"Debris","b_01",13674.5406824147,14188.4816753927
"Debris","b_02",15703.125,16640.625
"Debris","b_03",19895.2879581152,22088.772845953
"Debris","b_04",17853.4031413613,14581.1518324607
"Debris","b_05",23245.382585752,25538.0577427822
"Debris","b_06",20000,21256.5445026178
"Debris","b_07",39408.6021505376,36443.8502673797
"Debris","b_08",9870.80103359173,9690.72164948454
"Debris","b_09",17859.0078328982,18385.4166666667
"Debris","b_10",40569.9481865285,35233.1606217617
"Debris","b_11",15473.6842105263,14464.7519582245
"Debris","b_12",27356.0209424084,27585.3018372703
"Debris","b_13",39784.9462365591,38579.0884718499
"Debris","b_14",61385.8695652174,64917.5824175824
"Debris","b_15",27513.0890052356,24345.5497382199
"Debris","b_16",30668.449197861,29064.1711229946
"Debris","b_17",23149.6062992126,23123.3595800525
"Debris","b_18",8556.43044619422,7900.2624671916
"Debris","b_19",25261.780104712,24516.9712793734
"Debris","b_20",29841.2698412698,30949.8680738786
"Debris","b_21",38523.3160621762,35309.2783505155
"Debris","b_22",44461.9422572178,38845.1443569554
"Debris","b_23",9760,9500
"Debris","b_24",24005.2356020942,24789.4736842105
"Debris","b_25",61528.1501340483,62037.037037037
"Debris","b_26",30053.9083557951,29546.6666666667
"Debris","b_27",32440.9448818898,28548.8126649076
"Debris","b_28",34800,31335.0785340314
"Debris","b_29",26710.182767624,24062.5
"Debris","b_30",11085.2713178295,9198.96640826873
"Desmodesmus","b_01",381154.855643045,372853.403141361
"Desmodesmus","b_03",353821.989528796,365221.932114883
"Desmodesmus","b_04",312068.062827225,288795.811518325
"Desmodesmus","b_06",377434.554973822,361256.544502618
"Desmodesmus","b_07",311075.268817204,309545.454545455
"Desmodesmus","b_11",394921.052631579,359190.600522193
"Desmodesmus","b_12",346675.392670157,334383.202099738
"Desmodesmus","b_13",293870.967741936,300080.428954424
"Desmodesmus","b_15",319502.617801047,303586.387434555
"Desmodesmus","b_16",323983.957219251,309919.786096257
"Desmodesmus","b_17",402992.125984252,405039.37007874
"Desmodesmus","b_26",294097.035040431,270613.333333333
"DesmodesmusClumps","b_01",104.98687664042,130.890052356021
"DesmodesmusClumps","b_03",104.712041884817,26.1096605744125
"DesmodesmusClumps","b_04",1753.92670157068,1387.43455497382
"DesmodesmusClumps","b_06",104.712041884817,78.5340314136126
"DesmodesmusClumps","b_07",134.408602150538,187.16577540107
"DesmodesmusClumps","b_11",210.526315789474,287.206266318538
"DesmodesmusClumps","b_12",183.246073298429,157.48031496063
"DesmodesmusClumps","b_13",134.408602150538,294.906166219839
"DesmodesmusClumps","b_15",157.068062827225,366.492146596859
"DesmodesmusClumps","b_16",240.641711229947,213.903743315508
"DesmodesmusClumps","b_17",262.46719160105,183.727034120735
"DesmodesmusClumps","b_26",404.312668463612,586.666666666667
"DigestedAlgae","b_01",1417.32283464567,1125.65445026178
"DigestedAlgae","b_02",3046.875,2786.45833333333
"DigestedAlgae","b_03",3350.78534031414,3054.83028720627
"DigestedAlgae","b_04",2827.22513089005,1910.99476439791
"DigestedAlgae","b_05",2374.67018469657,2309.71128608924
"DigestedAlgae","b_06",3534.03141361257,3272.25130890052
"DigestedAlgae","b_07",4166.66666666667,2433.1550802139
"DigestedAlgae","b_08",4702.84237726098,3453.60824742268
"DigestedAlgae","b_09",4490.86161879896,4166.66666666667
"DigestedAlgae","b_10",9792.74611398964,7176.16580310881
"DigestedAlgae","b_11",2052.63157894737,1253.2637075718
"DigestedAlgae","b_12",2670.15706806283,2729.65879265092
"DigestedAlgae","b_13",3521.50537634409,2359.24932975871
"DigestedAlgae","b_14",7038.04347826087,6043.95604395604
"DigestedAlgae","b_15",3743.4554973822,3821.98952879581
"DigestedAlgae","b_16",3582.88770053476,3636.36363636364
"DigestedAlgae","b_17",1679.79002624672,1942.25721784777
"DigestedAlgae","b_18",4173.22834645669,3202.09973753281
"DigestedAlgae","b_19",2801.04712041885,2506.5274151436
"DigestedAlgae","b_20",2910.05291005291,2585.75197889182
"DigestedAlgae","b_21",9533.67875647668,9768.0412371134
"DigestedAlgae","b_22",8372.70341207349,8110.23622047244
"DigestedAlgae","b_23",4746.66666666667,3894.73684210526
"DigestedAlgae","b_24",2539.26701570681,2710.52631578947
"DigestedAlgae","b_25",8847.18498659517,8253.96825396825
"DigestedAlgae","b_26",5309.9730458221,3813.33333333333
"DigestedAlgae","b_27",6824.1469816273,6094.98680738786
"DigestedAlgae","b_28",3120,2696.33507853403
"DigestedAlgae","b_29",2532.63707571802,2500
"DigestedAlgae","b_30",5788.11369509044,4056.84754521964
"DividingChlamydomonas","b_01",11732.2834645669,8246.07329842932
"DividingChlamydomonas","b_02",115416.666666667,109635.416666667
"DividingChlamydomonas","b_03",8455.49738219895,6449.0861618799
"DividingChlamydomonas","b_04",10863.8743455497,7879.58115183246
"DividingChlamydomonas","b_05",7968.33773087071,6876.64041994751
"DividingChlamydomonas","b_06",10052.3560209424,6753.92670157068
"DividingChlamydomonas","b_07",17365.5913978495,14518.7165775401
"DividingChlamydomonas","b_08",11395.3488372093,9974.22680412371
"DividingChlamydomonas","b_09",116971.279373368,112864.583333333
"DividingChlamydomonas","b_10",12435.2331606218,11528.4974093264
"DividingChlamydomonas","b_11",12973.6842105263,9268.92950391645
"DividingChlamydomonas","b_12",14214.6596858639,9632.54593175853
"DividingChlamydomonas","b_13",16801.0752688172,12654.1554959786
"DividingChlamydomonas","b_14",2472.82608695652,2692.30769230769
"DividingChlamydomonas","b_15",13115.1832460733,13507.8534031414
"DividingChlamydomonas","b_16",10213.9037433155,10294.1176470588
"DividingChlamydomonas","b_17",12992.125984252,11443.5695538058
"DividingChlamydomonas","b_18",10288.7139107612,7611.54855643045
"DividingChlamydomonas","b_19",3272.25130890052,2767.62402088773
"DividingChlamydomonas","b_20",2116.40211640212,2084.4327176781
"DividingChlamydomonas","b_21",14818.6528497409,14768.0412371134
"DividingChlamydomonas","b_22",11496.062992126,10524.9343832021
"DividingChlamydomonas","b_23",12853.3333333333,8842.1052631579
"DividingChlamydomonas","b_24",8691.09947643979,7473.68421052632
"DividingChlamydomonas","b_25",1849.86595174263,1640.21164021164
"DividingChlamydomonas","b_26",15633.423180593,13066.6666666667
"DividingChlamydomonas","b_27",10551.1811023622,6833.77308707124
"DividingChlamydomonas","b_28",1920,1910.99476439791
"DividingChlamydomonas","b_29",5979.11227154047,5885.41666666667
"DividingChlamydomonas","b_30",8217.05426356589,11343.669250646
"Monoraphidium","b_05",500369.393139842,557585.30183727
"Monoraphidium","b_07",223118.279569893,218101.604278075
"Monoraphidium","b_13",217284.946236559,218632.707774799
"Monoraphidium","b_14",681005.434782609,699368.131868132
"Monoraphidium","b_16",143796.79144385,141925.13368984
"Monoraphidium","b_19",511884.816753927,531697.127937337
"Monoraphidium","b_20",578756.613756614,616437.994722955
"Monoraphidium","b_24",542068.062827225,575184.210526316
"Monoraphidium","b_25",772707.774798928,784761.904761905
"Monoraphidium","b_26",178463.611859838,179120
"Monoraphidium","b_28",544480,557931.937172775
"Monoraphidium","b_29",531201.044386423,564635.416666667
"Staurastrum1","b_02",6406.25,6223.95833333333
"Staurastrum1","b_03",445.026178010471,287.206266318538
"Staurastrum1","b_06",314.13612565445,287.958115183246
"Staurastrum1","b_09",6240.2088772846,6640.625
"Staurastrum1","b_10",5621.76165803109,5440.41450777202
"Staurastrum1","b_12",392.670157068063,419.94750656168
"Staurastrum1","b_15",392.670157068063,628.272251308901
"Staurastrum1","b_19",628.272251308901,234.986945169713
"Staurastrum1","b_20",714.285714285714,791.55672823219
"Staurastrum1","b_21",6347.15025906736,6494.84536082474
"Staurastrum1","b_28",533.333333333333,418.848167539267
"Staurastrum1","b_29",339.425587467363,416.666666666667
"Staurastrum2","b_05",0,0
"Staurastrum2","b_08",284.237726098191,154.639175257732
"Staurastrum2","b_10",51.8134715025907,25.9067357512953
"Staurastrum2","b_12",26.1780104712042,0
"Staurastrum2","b_15",0,26.1780104712042
"Staurastrum2","b_16",0,0
"Staurastrum2","b_21",0,51.5463917525773
"Staurastrum2","b_22",78.740157480315,52.49343832021
"Staurastrum2","b_24",26.1780104712042,0
"Staurastrum2","b_26",26.9541778975741,0
"Staurastrum2","b_27",26.246719160105,52.7704485488127
"Staurastrum2","b_30",0,335.917312661499
